[
	{
		"name": "Common Cold",
		"severity": "Low",
		"symptoms": [ "Sore Throat", "Runny Nose", "Cough"]
	},
	{
		"name": "Influenza (Flu)",
		"severity": "Medium",
		"symptoms": [ "Fever", "Cough", "Body Aches", "Fatigue", "Chills" ]
	},
	{
		"name": "Tuberculosis",
		"severity": "High",
		"symptoms": [ "Chronic Cough", "Weight Loss", "Night Sweats", "Fever", "Chest Pain" ]
	},
	{
		"name": "Pneumonia",
		"severity": "High",
		"symptoms": [ "Fever", "Cough", "Shortness of Breath", "Chest Pain", "Fatigue" ]
	},
	{
		"name": "Dengue",
		"severity": "High",
		"symptoms": [ "High Fever", "Severe Headache", "Body Aches", "Joint Pain", "Rash" ]
	},
	{
		"name": "Diarrhea",
		"severity": "Medium",
		"symptoms": [ "Diarrhea", "Abdominal Pain", "Dehydration", "Nausea" ]
	},
	{
		"name": "Migraine / Stress-related Fatigue",
		"severity": "Low",
		"symptoms": [ "Headache", "Fatigue", "Sensitivity to Light" ]
	},
	{
		"name": "Food Poisoning",
		"severity": "Medium",
		"symptoms": [ "Nausea", "Vomiting", "Diarrhea", "Abdominal Pain" ]
	},
	{
		"name": "Allergic Reaction",
		"severity": "Low",
		"symptoms": [ "Itching", "Rash", "Sneezing", "Watery Eyes" ]
	},
	{
		"name": "Skin Infection",
		"severity": "Medium",
		"symptoms": [ "Redness", "Swelling", "Pain", "Pus" ]
	},
	{
		"name": "Possible Pneumonia or COVID-19",
		"severity": "High",
		"symptoms": [ "Fever", "Cough", "Shortness of Breath", "Chest Pain", "Loss of Smell" ]
	}
]
